{"cameraMode":{"drawMode":0,"name":"Shaded","section":"Shading Mode"},"sceneLighting":true,"audioPlay":false,"sceneViewState":{"m_AlwaysRefresh":false,"showFog":true,"showSkybox":true,"showFlares":true,"showImageEffects":true,"showParticleSystems":true,"showVisualEffectGraphs":true,"m_FxEnabled":true},"in2DMode":false,"pivot":{"x":1.808924674987793,"y":4.460161209106445,"z":25.12798500061035},"rotation":{"x":0.016022253781557084,"y":-0.6453883647918701,"z":-0.013572998344898224,"w":-0.7635855078697205},"size":2.6293113231658937,"orthographic":false}