{"cameraMode":{"drawMode":0,"name":"Shaded","section":"Shading Mode"},"sceneLighting":true,"audioPlay":false,"sceneViewState":{"m_AlwaysRefresh":false,"showFog":true,"showSkybox":true,"showFlares":true,"showImageEffects":true,"showParticleSystems":true,"showVisualEffectGraphs":true,"m_FxEnabled":true},"in2DMode":false,"pivot":{"x":-0.5568892359733582,"y":-65.47624206542969,"z":-875.9625244140625},"rotation":{"x":0.15981623530387879,"y":-0.0011833150638267398,"z":0.00024511339142918587,"w":0.9871730804443359},"size":129.07958984375,"orthographic":false}